[{"model": "autenticacion.user", "pk": 1, "fields": {"password": "pbkdf2_sha256$720000$LQaUUcmFKsdHkogFbIBWhv$WCcdHp7D1HTc5FMejIghSgkUgiNQwjnt4LAyVxPT7Aw=", "last_login": "2024-05-07T20:26:37.471Z", "is_superuser": true, "username": "super", "first_name": "", "last_name": "", "is_staff": true, "is_active": true, "date_joined": "2024-05-07T17:07:19.867Z", "email": "s@g.com", "groups": [], "user_permissions": []}}, {"model": "autenticacion.user", "pk": 3, "fields": {"password": "pbkdf2_sha256$720000$z8bgUXy34Q7ZDssBqgfjaG$IIWh2VZEdR9xgKGeh0iU/Cd4pmmEHVYZGrWRfVTKbVQ=", "last_login": null, "is_superuser": false, "username": "jp", "first_name": "", "last_name": "", "is_staff": false, "is_active": true, "date_joined": "2024-05-07T17:18:48.937Z", "email": "jp@g.com", "groups": [], "user_permissions": []}}, {"model": "autenticacion.user", "pk": 4, "fields": {"password": "pbkdf2_sha256$720000$N6HYF6YWSK4kaUVYvRDzHT$2p8f2bCnMcon2hlwUiNUVJqJUgfHdYhiAmBZtCM6tDk=", "last_login": null, "is_superuser": false, "username": "maria_perez", "first_name": "", "last_name": "", "is_staff": false, "is_active": true, "date_joined": "2024-05-07T17:19:24.514Z", "email": "mp@g.com", "groups": [], "user_permissions": []}}, {"model": "autenticacion.user", "pk": 5, "fields": {"password": "pbkdf2_sha256$720000$T0T0O5erhpuM1tMWe2kByA$XuqMdQjqwSKqPFZFgnX/pLYawYzK8kcMqmZfPCNwjug=", "last_login": null, "is_superuser": false, "username": "luis_gonzalez", "first_name": "", "last_name": "", "is_staff": false, "is_active": true, "date_joined": "2024-05-07T17:20:01.937Z", "email": "lg@g.com", "groups": [], "user_permissions": []}}, {"model": "autenticacion.user", "pk": 6, "fields": {"password": "pbkdf2_sha256$720000$WbhbGgSXomXotF5wATk25T$15sErTeNUvPNtqrJWQCSSDwaDs4CrAZuA7qEXqUA7xg=", "last_login": null, "is_superuser": false, "username": "ana_lopez", "first_name": "", "last_name": "", "is_staff": false, "is_active": true, "date_joined": "2024-05-07T17:20:06.897Z", "email": "al@g.com", "groups": [], "user_permissions": []}}, {"model": "autenticacion.user", "pk": 7, "fields": {"password": "pbkdf2_sha256$720000$I6a1SmKVVIREFlVBlVzyDV$yzfrjbUHakyHRGad+rIW9d8FBLNwCYVi/HEfo6ezQRg=", "last_login": null, "is_superuser": false, "username": "carlos_sanchez", "first_name": "", "last_name": "", "is_staff": false, "is_active": true, "date_joined": "2024-05-07T17:20:13.274Z", "email": "cs@g.com", "groups": [], "user_permissions": []}}, {"model": "autenticacion.user", "pk": 8, "fields": {"password": "pbkdf2_sha256$720000$sLA3G8xbT88VTi4SpbZE1Q$7hDxpnQu8qbJFVhOtqKIN5Qsx4zuBHs0gVBwEQ652Ms=", "last_login": null, "is_superuser": false, "username": "laura_martinez", "first_name": "", "last_name": "", "is_staff": false, "is_active": true, "date_joined": "2024-05-07T17:20:19.050Z", "email": "lm@g.com", "groups": [], "user_permissions": []}}, {"model": "autenticacion.user", "pk": 9, "fields": {"password": "pbkdf2_sha256$720000$xCfFDctbSVIZu9Q7HqRVu7$KoT04Q+/G1qc33SqizdjVStHEXFfx6tUtvBa3uIBdd0=", "last_login": null, "is_superuser": false, "username": "pedro_ramirez", "first_name": "", "last_name": "", "is_staff": false, "is_active": true, "date_joined": "2024-05-07T17:20:25.844Z", "email": "pr@g.com", "groups": [], "user_permissions": []}}, {"model": "autenticacion.user", "pk": 10, "fields": {"password": "pbkdf2_sha256$720000$V3VSZ1JWqqGrGF6faT5gog$aozhAUMnP65HKXoMeuQ5CVUROszXlunXL9XMxwn7BLA=", "last_login": null, "is_superuser": false, "username": "silvia_hernandez", "first_name": "", "last_name": "", "is_staff": false, "is_active": true, "date_joined": "2024-05-07T17:20:56.510Z", "email": "sh@g.com", "groups": [], "user_permissions": []}}, {"model": "autenticacion.user", "pk": 11, "fields": {"password": "pbkdf2_sha256$720000$TfmKZOkXGWg2CJIXukHYDj$j+eKvoqAlS20HOnOxmHN9wvLijo/AaxYkw7E9lAgXek=", "last_login": null, "is_superuser": false, "username": "javier_diaz", "first_name": "", "last_name": "", "is_staff": false, "is_active": true, "date_joined": "2024-05-07T17:21:06.321Z", "email": "jd@g.com", "groups": [], "user_permissions": []}}, {"model": "autenticacion.user", "pk": 12, "fields": {"password": "pbkdf2_sha256$720000$5fag0HxRng2zczLN9pKdeG$VgwFydS5AeYfsroQ+knI9a7FnrrGB/iYJQKx2BFd/kM=", "last_login": null, "is_superuser": false, "username": "elena_gomez", "first_name": "", "last_name": "", "is_staff": false, "is_active": true, "date_joined": "2024-05-07T17:21:17.853Z", "email": "eg@g.com", "groups": [], "user_permissions": []}}, {"model": "autenticacion.user", "pk": 13, "fields": {"password": "pbkdf2_sha256$720000$h0OkhG4xlfDRKXAMTxkBym$XEEVsWS3urvlptP0yKaR+aG8c4aSGyqgEmwn8QywtmY=", "last_login": null, "is_superuser": false, "username": "carlos_perez", "first_name": "", "last_name": "", "is_staff": false, "is_active": true, "date_joined": "2024-05-07T17:51:52.347Z", "email": "cp@g.com", "groups": [], "user_permissions": []}}, {"model": "autenticacion.user", "pk": 14, "fields": {"password": "pbkdf2_sha256$720000$iNEfSbB3YSwlLmusKskdUk$ojFN13ohEAcCe48tcPF8VVjP4oaLkTyIFI9Xj7tgRwY=", "last_login": null, "is_superuser": false, "username": "ana_martinez", "first_name": "", "last_name": "", "is_staff": false, "is_active": true, "date_joined": "2024-05-07T17:52:02.677Z", "email": "am@g.com", "groups": [], "user_permissions": []}}, {"model": "autenticacion.user", "pk": 15, "fields": {"password": "pbkdf2_sha256$720000$KzK6FXiOgYoVo5NtmlTF4s$mXAI23RiXL1U1t+4Zx2y0prREhTvt5DM43dQPFb2TvU=", "last_login": null, "is_superuser": false, "username": "pedro_martinez", "first_name": "", "last_name": "", "is_staff": false, "is_active": true, "date_joined": "2024-05-07T17:52:07.919Z", "email": "pm@g.com", "groups": [], "user_permissions": []}}, {"model": "autenticacion.user", "pk": 16, "fields": {"password": "pbkdf2_sha256$720000$XXqI2U7sgChrxHWtf4mnkt$laQQ8udWxYw4db1FD84DUoFP0wGmX16I0cDe5bDpGR4=", "last_login": null, "is_superuser": false, "username": "luis_hernandez", "first_name": "", "last_name": "", "is_staff": false, "is_active": true, "date_joined": "2024-05-07T17:52:24.526Z", "email": "lh@g.com", "groups": [], "user_permissions": []}}, {"model": "autenticacion.user", "pk": 17, "fields": {"password": "pbkdf2_sha256$720000$OvlFutnRyjcNgqp9fcYHYz$fJzvga+Y9T1QGv6THTMQSDKZquWjRkkI2ZzQegYcl5c=", "last_login": null, "is_superuser": false, "username": "maria_gonzalez", "first_name": "", "last_name": "", "is_staff": false, "is_active": true, "date_joined": "2024-05-07T17:52:30.902Z", "email": "mg@g.com", "groups": [], "user_permissions": []}}, {"model": "autenticacion.user", "pk": 19, "fields": {"password": "pbkdf2_sha256$720000$xCwA2rLgdREEws1IG8usH0$HpiQV/bAtAuWwzXYerHB2eT+N6LAg2rLcwonlESwleY=", "last_login": null, "is_superuser": false, "username": "p@g.com", "first_name": "", "last_name": "", "is_staff": false, "is_active": true, "date_joined": "2024-05-07T18:18:21.843Z", "email": "pg@g.com", "groups": [], "user_permissions": []}}, {"model": "auth.permission", "pk": 1, "fields": {"name": "Can add user", "content_type": 1, "codename": "add_user"}}, {"model": "auth.permission", "pk": 2, "fields": {"name": "Can change user", "content_type": 1, "codename": "change_user"}}, {"model": "auth.permission", "pk": 3, "fields": {"name": "Can delete user", "content_type": 1, "codename": "delete_user"}}, {"model": "auth.permission", "pk": 4, "fields": {"name": "Can view user", "content_type": 1, "codename": "view_user"}}, {"model": "auth.permission", "pk": 5, "fields": {"name": "Can add log entry", "content_type": 2, "codename": "add_logentry"}}, {"model": "auth.permission", "pk": 6, "fields": {"name": "Can change log entry", "content_type": 2, "codename": "change_logentry"}}, {"model": "auth.permission", "pk": 7, "fields": {"name": "Can delete log entry", "content_type": 2, "codename": "delete_logentry"}}, {"model": "auth.permission", "pk": 8, "fields": {"name": "Can view log entry", "content_type": 2, "codename": "view_logentry"}}, {"model": "auth.permission", "pk": 9, "fields": {"name": "Can add permission", "content_type": 3, "codename": "add_permission"}}, {"model": "auth.permission", "pk": 10, "fields": {"name": "Can change permission", "content_type": 3, "codename": "change_permission"}}, {"model": "auth.permission", "pk": 11, "fields": {"name": "Can delete permission", "content_type": 3, "codename": "delete_permission"}}, {"model": "auth.permission", "pk": 12, "fields": {"name": "Can view permission", "content_type": 3, "codename": "view_permission"}}, {"model": "auth.permission", "pk": 13, "fields": {"name": "Can add group", "content_type": 4, "codename": "add_group"}}, {"model": "auth.permission", "pk": 14, "fields": {"name": "Can change group", "content_type": 4, "codename": "change_group"}}, {"model": "auth.permission", "pk": 15, "fields": {"name": "Can delete group", "content_type": 4, "codename": "delete_group"}}, {"model": "auth.permission", "pk": 16, "fields": {"name": "Can view group", "content_type": 4, "codename": "view_group"}}, {"model": "auth.permission", "pk": 17, "fields": {"name": "Can add content type", "content_type": 5, "codename": "add_contenttype"}}, {"model": "auth.permission", "pk": 18, "fields": {"name": "Can change content type", "content_type": 5, "codename": "change_contenttype"}}, {"model": "auth.permission", "pk": 19, "fields": {"name": "Can delete content type", "content_type": 5, "codename": "delete_contenttype"}}, {"model": "auth.permission", "pk": 20, "fields": {"name": "Can view content type", "content_type": 5, "codename": "view_contenttype"}}, {"model": "auth.permission", "pk": 21, "fields": {"name": "Can add session", "content_type": 6, "codename": "add_session"}}, {"model": "auth.permission", "pk": 22, "fields": {"name": "Can change session", "content_type": 6, "codename": "change_session"}}, {"model": "auth.permission", "pk": 23, "fields": {"name": "Can delete session", "content_type": 6, "codename": "delete_session"}}, {"model": "auth.permission", "pk": 24, "fields": {"name": "Can view session", "content_type": 6, "codename": "view_session"}}, {"model": "auth.permission", "pk": 25, "fields": {"name": "Can add blacklisted token", "content_type": 7, "codename": "add_blacklistedtoken"}}, {"model": "auth.permission", "pk": 26, "fields": {"name": "Can change blacklisted token", "content_type": 7, "codename": "change_blacklistedtoken"}}, {"model": "auth.permission", "pk": 27, "fields": {"name": "Can delete blacklisted token", "content_type": 7, "codename": "delete_blacklistedtoken"}}, {"model": "auth.permission", "pk": 28, "fields": {"name": "Can view blacklisted token", "content_type": 7, "codename": "view_blacklistedtoken"}}, {"model": "auth.permission", "pk": 29, "fields": {"name": "Can add outstanding token", "content_type": 8, "codename": "add_outstandingtoken"}}, {"model": "auth.permission", "pk": 30, "fields": {"name": "Can change outstanding token", "content_type": 8, "codename": "change_outstandingtoken"}}, {"model": "auth.permission", "pk": 31, "fields": {"name": "Can delete outstanding token", "content_type": 8, "codename": "delete_outstandingtoken"}}, {"model": "auth.permission", "pk": 32, "fields": {"name": "Can view outstanding token", "content_type": 8, "codename": "view_outstandingtoken"}}, {"model": "auth.permission", "pk": 33, "fields": {"name": "Can add acuerdo", "content_type": 9, "codename": "add_acuerdo"}}, {"model": "auth.permission", "pk": 34, "fields": {"name": "Can change acuerdo", "content_type": 9, "codename": "change_acuerdo"}}, {"model": "auth.permission", "pk": 35, "fields": {"name": "Can delete acuerdo", "content_type": 9, "codename": "delete_acuerdo"}}, {"model": "auth.permission", "pk": 36, "fields": {"name": "Can view acuerdo", "content_type": 9, "codename": "view_acuerdo"}}, {"model": "auth.permission", "pk": 37, "fields": {"name": "Can add archivo_ personal", "content_type": 10, "codename": "add_archivo_personal"}}, {"model": "auth.permission", "pk": 38, "fields": {"name": "Can change archivo_ personal", "content_type": 10, "codename": "change_archivo_personal"}}, {"model": "auth.permission", "pk": 39, "fields": {"name": "Can delete archivo_ personal", "content_type": 10, "codename": "delete_archivo_personal"}}, {"model": "auth.permission", "pk": 40, "fields": {"name": "Can view archivo_ personal", "content_type": 10, "codename": "view_archivo_personal"}}, {"model": "auth.permission", "pk": 41, "fields": {"name": "Can add estado_ procesal", "content_type": 11, "codename": "add_estado_procesal"}}, {"model": "auth.permission", "pk": 42, "fields": {"name": "Can change estado_ procesal", "content_type": 11, "codename": "change_estado_procesal"}}, {"model": "auth.permission", "pk": 43, "fields": {"name": "Can delete estado_ procesal", "content_type": 11, "codename": "delete_estado_procesal"}}, {"model": "auth.permission", "pk": 44, "fields": {"name": "Can view estado_ procesal", "content_type": 11, "codename": "view_estado_procesal"}}, {"model": "auth.permission", "pk": 45, "fields": {"name": "Can add estado_ procesal_ historial", "content_type": 12, "codename": "add_estado_procesal_historial"}}, {"model": "auth.permission", "pk": 46, "fields": {"name": "Can change estado_ procesal_ historial", "content_type": 12, "codename": "change_estado_procesal_historial"}}, {"model": "auth.permission", "pk": 47, "fields": {"name": "Can delete estado_ procesal_ historial", "content_type": 12, "codename": "delete_estado_procesal_historial"}}, {"model": "auth.permission", "pk": 48, "fields": {"name": "Can view estado_ procesal_ historial", "content_type": 12, "codename": "view_estado_procesal_historial"}}, {"model": "auth.permission", "pk": 49, "fields": {"name": "Can add subproceso", "content_type": 13, "codename": "add_subproceso"}}, {"model": "auth.permission", "pk": 50, "fields": {"name": "Can change subproceso", "content_type": 13, "codename": "change_subproceso"}}, {"model": "auth.permission", "pk": 51, "fields": {"name": "Can delete subproceso", "content_type": 13, "codename": "delete_subproceso"}}, {"model": "auth.permission", "pk": 52, "fields": {"name": "Can view subproceso", "content_type": 13, "codename": "view_subproceso"}}, {"model": "auth.permission", "pk": 53, "fields": {"name": "Can add tipo_ juicio", "content_type": 14, "codename": "add_tipo_juicio"}}, {"model": "auth.permission", "pk": 54, "fields": {"name": "Can change tipo_ juicio", "content_type": 14, "codename": "change_tipo_juicio"}}, {"model": "auth.permission", "pk": 55, "fields": {"name": "Can delete tipo_ juicio", "content_type": 14, "codename": "delete_tipo_juicio"}}, {"model": "auth.permission", "pk": 56, "fields": {"name": "Can view tipo_ juicio", "content_type": 14, "codename": "view_tipo_juicio"}}, {"model": "auth.permission", "pk": 57, "fields": {"name": "Can add tipo_ subproceso", "content_type": 15, "codename": "add_tipo_subproceso"}}, {"model": "auth.permission", "pk": 58, "fields": {"name": "Can change tipo_ subproceso", "content_type": 15, "codename": "change_tipo_subproceso"}}, {"model": "auth.permission", "pk": 59, "fields": {"name": "Can delete tipo_ subproceso", "content_type": 15, "codename": "delete_tipo_subproceso"}}, {"model": "auth.permission", "pk": 60, "fields": {"name": "Can view tipo_ subproceso", "content_type": 15, "codename": "view_tipo_subproceso"}}, {"model": "auth.permission", "pk": 61, "fields": {"name": "Can add caso", "content_type": 16, "codename": "add_caso"}}, {"model": "auth.permission", "pk": 62, "fields": {"name": "Can change caso", "content_type": 16, "codename": "change_caso"}}, {"model": "auth.permission", "pk": 63, "fields": {"name": "Can delete caso", "content_type": 16, "codename": "delete_caso"}}, {"model": "auth.permission", "pk": 64, "fields": {"name": "Can view caso", "content_type": 16, "codename": "view_caso"}}, {"model": "auth.permission", "pk": 65, "fields": {"name": "Can add tipo_ cita", "content_type": 17, "codename": "add_tipo_cita"}}, {"model": "auth.permission", "pk": 66, "fields": {"name": "Can change tipo_ cita", "content_type": 17, "codename": "change_tipo_cita"}}, {"model": "auth.permission", "pk": 67, "fields": {"name": "Can delete tipo_ cita", "content_type": 17, "codename": "delete_tipo_cita"}}, {"model": "auth.permission", "pk": 68, "fields": {"name": "Can view tipo_ cita", "content_type": 17, "codename": "view_tipo_cita"}}, {"model": "auth.permission", "pk": 69, "fields": {"name": "Can add actor_ cita", "content_type": 18, "codename": "add_actor_cita"}}, {"model": "auth.permission", "pk": 70, "fields": {"name": "Can change actor_ cita", "content_type": 18, "codename": "change_actor_cita"}}, {"model": "auth.permission", "pk": 71, "fields": {"name": "Can delete actor_ cita", "content_type": 18, "codename": "delete_actor_cita"}}, {"model": "auth.permission", "pk": 72, "fields": {"name": "Can view actor_ cita", "content_type": 18, "codename": "view_actor_cita"}}, {"model": "auth.permission", "pk": 73, "fields": {"name": "Can add cita", "content_type": 19, "codename": "add_cita"}}, {"model": "auth.permission", "pk": 74, "fields": {"name": "Can change cita", "content_type": 19, "codename": "change_cita"}}, {"model": "auth.permission", "pk": 75, "fields": {"name": "Can delete cita", "content_type": 19, "codename": "delete_cita"}}, {"model": "auth.permission", "pk": 76, "fields": {"name": "Can view cita", "content_type": 19, "codename": "view_cita"}}, {"model": "auth.permission", "pk": 77, "fields": {"name": "Can add demandado_ cita", "content_type": 20, "codename": "add_demandado_cita"}}, {"model": "auth.permission", "pk": 78, "fields": {"name": "Can change demandado_ cita", "content_type": 20, "codename": "change_demandado_cita"}}, {"model": "auth.permission", "pk": 79, "fields": {"name": "Can delete demandado_ cita", "content_type": 20, "codename": "delete_demandado_cita"}}, {"model": "auth.permission", "pk": 80, "fields": {"name": "Can view demandado_ cita", "content_type": 20, "codename": "view_demandado_cita"}}, {"model": "auth.permission", "pk": 81, "fields": {"name": "Can add documento_ solicitado", "content_type": 21, "codename": "add_documento_solicitado"}}, {"model": "auth.permission", "pk": 82, "fields": {"name": "Can change documento_ solicitado", "content_type": 21, "codename": "change_documento_solicitado"}}, {"model": "auth.permission", "pk": 83, "fields": {"name": "Can delete documento_ solicitado", "content_type": 21, "codename": "delete_documento_solicitado"}}, {"model": "auth.permission", "pk": 84, "fields": {"name": "Can view documento_ solicitado", "content_type": 21, "codename": "view_documento_solicitado"}}, {"model": "auth.permission", "pk": 85, "fields": {"name": "Can add tipo_ auto", "content_type": 22, "codename": "add_tipo_auto"}}, {"model": "auth.permission", "pk": 86, "fields": {"name": "Can change tipo_ auto", "content_type": 22, "codename": "change_tipo_auto"}}, {"model": "auth.permission", "pk": 87, "fields": {"name": "Can delete tipo_ auto", "content_type": 22, "codename": "delete_tipo_auto"}}, {"model": "auth.permission", "pk": 88, "fields": {"name": "Can view tipo_ auto", "content_type": 22, "codename": "view_tipo_auto"}}, {"model": "auth.permission", "pk": 89, "fields": {"name": "Can add auto", "content_type": 23, "codename": "add_auto"}}, {"model": "auth.permission", "pk": 90, "fields": {"name": "Can change auto", "content_type": 23, "codename": "change_auto"}}, {"model": "auth.permission", "pk": 91, "fields": {"name": "Can delete auto", "content_type": 23, "codename": "delete_auto"}}, {"model": "auth.permission", "pk": 92, "fields": {"name": "Can view auto", "content_type": 23, "codename": "view_auto"}}, {"model": "auth.permission", "pk": 93, "fields": {"name": "Can add foja", "content_type": 24, "codename": "add_foja"}}, {"model": "auth.permission", "pk": 94, "fields": {"name": "Can change foja", "content_type": 24, "codename": "change_foja"}}, {"model": "auth.permission", "pk": 95, "fields": {"name": "Can delete foja", "content_type": 24, "codename": "delete_foja"}}, {"model": "auth.permission", "pk": 96, "fields": {"name": "Can view foja", "content_type": 24, "codename": "view_foja"}}, {"model": "auth.permission", "pk": 97, "fields": {"name": "Can add sub_ auto", "content_type": 25, "codename": "add_sub_auto"}}, {"model": "auth.permission", "pk": 98, "fields": {"name": "Can change sub_ auto", "content_type": 25, "codename": "change_sub_auto"}}, {"model": "auth.permission", "pk": 99, "fields": {"name": "Can delete sub_ auto", "content_type": 25, "codename": "delete_sub_auto"}}, {"model": "auth.permission", "pk": 100, "fields": {"name": "Can view sub_ auto", "content_type": 25, "codename": "view_sub_auto"}}, {"model": "auth.permission", "pk": 101, "fields": {"name": "Can add sub_ foja", "content_type": 26, "codename": "add_sub_foja"}}, {"model": "auth.permission", "pk": 102, "fields": {"name": "Can change sub_ foja", "content_type": 26, "codename": "change_sub_foja"}}, {"model": "auth.permission", "pk": 103, "fields": {"name": "Can delete sub_ foja", "content_type": 26, "codename": "delete_sub_foja"}}, {"model": "auth.permission", "pk": 104, "fields": {"name": "Can view sub_ foja", "content_type": 26, "codename": "view_sub_foja"}}, {"model": "auth.permission", "pk": 105, "fields": {"name": "Can add documento_ actor", "content_type": 27, "codename": "add_documento_actor"}}, {"model": "auth.permission", "pk": 106, "fields": {"name": "Can change documento_ actor", "content_type": 27, "codename": "change_documento_actor"}}, {"model": "auth.permission", "pk": 107, "fields": {"name": "Can delete documento_ actor", "content_type": 27, "codename": "delete_documento_actor"}}, {"model": "auth.permission", "pk": 108, "fields": {"name": "Can view documento_ actor", "content_type": 27, "codename": "view_documento_actor"}}, {"model": "auth.permission", "pk": 109, "fields": {"name": "Can add documento_ actor_ archivo", "content_type": 28, "codename": "add_documento_actor_archivo"}}, {"model": "auth.permission", "pk": 110, "fields": {"name": "Can change documento_ actor_ archivo", "content_type": 28, "codename": "change_documento_actor_archivo"}}, {"model": "auth.permission", "pk": 111, "fields": {"name": "Can delete documento_ actor_ archivo", "content_type": 28, "codename": "delete_documento_actor_archivo"}}, {"model": "auth.permission", "pk": 112, "fields": {"name": "Can view documento_ actor_ archivo", "content_type": 28, "codename": "view_documento_actor_archivo"}}, {"model": "auth.permission", "pk": 113, "fields": {"name": "Can add documento_ cliente", "content_type": 29, "codename": "add_documento_cliente"}}, {"model": "auth.permission", "pk": 114, "fields": {"name": "Can change documento_ cliente", "content_type": 29, "codename": "change_documento_cliente"}}, {"model": "auth.permission", "pk": 115, "fields": {"name": "Can delete documento_ cliente", "content_type": 29, "codename": "delete_documento_cliente"}}, {"model": "auth.permission", "pk": 116, "fields": {"name": "Can view documento_ cliente", "content_type": 29, "codename": "view_documento_cliente"}}, {"model": "auth.permission", "pk": 117, "fields": {"name": "Can add documento_ cliente_ archivo", "content_type": 30, "codename": "add_documento_cliente_archivo"}}, {"model": "auth.permission", "pk": 118, "fields": {"name": "Can change documento_ cliente_ archivo", "content_type": 30, "codename": "change_documento_cliente_archivo"}}, {"model": "auth.permission", "pk": 119, "fields": {"name": "Can delete documento_ cliente_ archivo", "content_type": 30, "codename": "delete_documento_cliente_archivo"}}, {"model": "auth.permission", "pk": 120, "fields": {"name": "Can view documento_ cliente_ archivo", "content_type": 30, "codename": "view_documento_cliente_archivo"}}, {"model": "auth.permission", "pk": 121, "fields": {"name": "Can add documento_ demandado", "content_type": 31, "codename": "add_documento_demandado"}}, {"model": "auth.permission", "pk": 122, "fields": {"name": "Can change documento_ demandado", "content_type": 31, "codename": "change_documento_demandado"}}, {"model": "auth.permission", "pk": 123, "fields": {"name": "Can delete documento_ demandado", "content_type": 31, "codename": "delete_documento_demandado"}}, {"model": "auth.permission", "pk": 124, "fields": {"name": "Can view documento_ demandado", "content_type": 31, "codename": "view_documento_demandado"}}, {"model": "auth.permission", "pk": 125, "fields": {"name": "Can add documento_ demandado_ archivo", "content_type": 32, "codename": "add_documento_demandado_archivo"}}, {"model": "auth.permission", "pk": 126, "fields": {"name": "Can change documento_ demandado_ archivo", "content_type": 32, "codename": "change_documento_demandado_archivo"}}, {"model": "auth.permission", "pk": 127, "fields": {"name": "Can delete documento_ demandado_ archivo", "content_type": 32, "codename": "delete_documento_demandado_archivo"}}, {"model": "auth.permission", "pk": 128, "fields": {"name": "Can view documento_ demandado_ archivo", "content_type": 32, "codename": "view_documento_demandado_archivo"}}, {"model": "auth.permission", "pk": 129, "fields": {"name": "Can add actor", "content_type": 33, "codename": "add_actor"}}, {"model": "auth.permission", "pk": 130, "fields": {"name": "Can change actor", "content_type": 33, "codename": "change_actor"}}, {"model": "auth.permission", "pk": 131, "fields": {"name": "Can delete actor", "content_type": 33, "codename": "delete_actor"}}, {"model": "auth.permission", "pk": 132, "fields": {"name": "Can view actor", "content_type": 33, "codename": "view_actor"}}, {"model": "auth.permission", "pk": 133, "fields": {"name": "Can add demandado", "content_type": 34, "codename": "add_demandado"}}, {"model": "auth.permission", "pk": 134, "fields": {"name": "Can change demandado", "content_type": 34, "codename": "change_demandado"}}, {"model": "auth.permission", "pk": 135, "fields": {"name": "Can delete demandado", "content_type": 34, "codename": "delete_demandado"}}, {"model": "auth.permission", "pk": 136, "fields": {"name": "Can view demandado", "content_type": 34, "codename": "view_demandado"}}, {"model": "auth.permission", "pk": 137, "fields": {"name": "Can add materia_ juridica", "content_type": 35, "codename": "add_materia_juridica"}}, {"model": "auth.permission", "pk": 138, "fields": {"name": "Can change materia_ juridica", "content_type": 35, "codename": "change_materia_juridica"}}, {"model": "auth.permission", "pk": 139, "fields": {"name": "Can delete materia_ juridica", "content_type": 35, "codename": "delete_materia_juridica"}}, {"model": "auth.permission", "pk": 140, "fields": {"name": "Can view materia_ juridica", "content_type": 35, "codename": "view_materia_juridica"}}, {"model": "auth.permission", "pk": 141, "fields": {"name": "Can add cliente", "content_type": 36, "codename": "add_cliente"}}, {"model": "auth.permission", "pk": 142, "fields": {"name": "Can change cliente", "content_type": 36, "codename": "change_cliente"}}, {"model": "auth.permission", "pk": 143, "fields": {"name": "Can delete cliente", "content_type": 36, "codename": "delete_cliente"}}, {"model": "auth.permission", "pk": 144, "fields": {"name": "Can view cliente", "content_type": 36, "codename": "view_cliente"}}, {"model": "auth.permission", "pk": 145, "fields": {"name": "Can add licenciado", "content_type": 37, "codename": "add_licenciado"}}, {"model": "auth.permission", "pk": 146, "fields": {"name": "Can change licenciado", "content_type": 37, "codename": "change_licenciado"}}, {"model": "auth.permission", "pk": 147, "fields": {"name": "Can delete licenciado", "content_type": 37, "codename": "delete_licenciado"}}, {"model": "auth.permission", "pk": 148, "fields": {"name": "Can view licenciado", "content_type": 37, "codename": "view_licenciado"}}, {"model": "auth.permission", "pk": 149, "fields": {"name": "Can add distrito", "content_type": 38, "codename": "add_distrito"}}, {"model": "auth.permission", "pk": 150, "fields": {"name": "Can change distrito", "content_type": 38, "codename": "change_distrito"}}, {"model": "auth.permission", "pk": 151, "fields": {"name": "Can delete distrito", "content_type": 38, "codename": "delete_distrito"}}, {"model": "auth.permission", "pk": 152, "fields": {"name": "Can view distrito", "content_type": 38, "codename": "view_distrito"}}, {"model": "auth.permission", "pk": 153, "fields": {"name": "Can add juzgado_ sala", "content_type": 39, "codename": "add_juzgado_sala"}}, {"model": "auth.permission", "pk": 154, "fields": {"name": "Can change juzgado_ sala", "content_type": 39, "codename": "change_juzgado_sala"}}, {"model": "auth.permission", "pk": 155, "fields": {"name": "Can delete juzgado_ sala", "content_type": 39, "codename": "delete_juzgado_sala"}}, {"model": "auth.permission", "pk": 156, "fields": {"name": "Can view juzgado_ sala", "content_type": 39, "codename": "view_juzgado_sala"}}, {"model": "contenttypes.contenttype", "pk": 1, "fields": {"app_label": "autenticacion", "model": "user"}}, {"model": "contenttypes.contenttype", "pk": 2, "fields": {"app_label": "admin", "model": "logentry"}}, {"model": "contenttypes.contenttype", "pk": 3, "fields": {"app_label": "auth", "model": "permission"}}, {"model": "contenttypes.contenttype", "pk": 4, "fields": {"app_label": "auth", "model": "group"}}, {"model": "contenttypes.contenttype", "pk": 5, "fields": {"app_label": "contenttypes", "model": "contenttype"}}, {"model": "contenttypes.contenttype", "pk": 6, "fields": {"app_label": "sessions", "model": "session"}}, {"model": "contenttypes.contenttype", "pk": 7, "fields": {"app_label": "token_blacklist", "model": "blacklistedtoken"}}, {"model": "contenttypes.contenttype", "pk": 8, "fields": {"app_label": "token_blacklist", "model": "outstandingtoken"}}, {"model": "contenttypes.contenttype", "pk": 9, "fields": {"app_label": "archivos_personales", "model": "acuerdo"}}, {"model": "contenttypes.contenttype", "pk": 10, "fields": {"app_label": "archivos_personales", "model": "archivo_personal"}}, {"model": "contenttypes.contenttype", "pk": 11, "fields": {"app_label": "archivos_personales", "model": "estado_procesal"}}, {"model": "contenttypes.contenttype", "pk": 12, "fields": {"app_label": "archivos_personales", "model": "estado_procesal_historial"}}, {"model": "contenttypes.contenttype", "pk": 13, "fields": {"app_label": "archivos_personales", "model": "subproceso"}}, {"model": "contenttypes.contenttype", "pk": 14, "fields": {"app_label": "archivos_personales", "model": "tipo_juicio"}}, {"model": "contenttypes.contenttype", "pk": 15, "fields": {"app_label": "archivos_personales", "model": "tipo_subproceso"}}, {"model": "contenttypes.contenttype", "pk": 16, "fields": {"app_label": "casos", "model": "caso"}}, {"model": "contenttypes.contenttype", "pk": 17, "fields": {"app_label": "citas", "model": "tipo_cita"}}, {"model": "contenttypes.contenttype", "pk": 18, "fields": {"app_label": "citas", "model": "actor_cita"}}, {"model": "contenttypes.contenttype", "pk": 19, "fields": {"app_label": "citas", "model": "cita"}}, {"model": "contenttypes.contenttype", "pk": 20, "fields": {"app_label": "citas", "model": "demandado_cita"}}, {"model": "contenttypes.contenttype", "pk": 21, "fields": {"app_label": "citas", "model": "documento_solicitado"}}, {"model": "contenttypes.contenttype", "pk": 22, "fields": {"app_label": "doc_expendiente", "model": "tipo_auto"}}, {"model": "contenttypes.contenttype", "pk": 23, "fields": {"app_label": "doc_expendiente", "model": "auto"}}, {"model": "contenttypes.contenttype", "pk": 24, "fields": {"app_label": "doc_expendiente", "model": "foja"}}, {"model": "contenttypes.contenttype", "pk": 25, "fields": {"app_label": "doc_expendiente", "model": "sub_auto"}}, {"model": "contenttypes.contenttype", "pk": 26, "fields": {"app_label": "doc_expendiente", "model": "sub_foja"}}, {"model": "contenttypes.contenttype", "pk": 27, "fields": {"app_label": "documentos", "model": "documento_actor"}}, {"model": "contenttypes.contenttype", "pk": 28, "fields": {"app_label": "documentos", "model": "documento_actor_archivo"}}, {"model": "contenttypes.contenttype", "pk": 29, "fields": {"app_label": "documentos", "model": "documento_cliente"}}, {"model": "contenttypes.contenttype", "pk": 30, "fields": {"app_label": "documentos", "model": "documento_cliente_archivo"}}, {"model": "contenttypes.contenttype", "pk": 31, "fields": {"app_label": "documentos", "model": "documento_demandado"}}, {"model": "contenttypes.contenttype", "pk": 32, "fields": {"app_label": "documentos", "model": "documento_demandado_archivo"}}, {"model": "contenttypes.contenttype", "pk": 33, "fields": {"app_label": "involucrados", "model": "actor"}}, {"model": "contenttypes.contenttype", "pk": 34, "fields": {"app_label": "involucrados", "model": "demandado"}}, {"model": "contenttypes.contenttype", "pk": 35, "fields": {"app_label": "materias", "model": "materia_juridica"}}, {"model": "contenttypes.contenttype", "pk": 36, "fields": {"app_label": "personas", "model": "cliente"}}, {"model": "contenttypes.contenttype", "pk": 37, "fields": {"app_label": "personas", "model": "licenciado"}}, {"model": "contenttypes.contenttype", "pk": 38, "fields": {"app_label": "tribunal", "model": "distrito"}}, {"model": "contenttypes.contenttype", "pk": 39, "fields": {"app_label": "tribunal", "model": "juzgado_sala"}}, {"model": "sessions.session", "pk": "vi3hvmgot7qx9s2r608in9luulcwq87n", "fields": {"session_data": ".eJxVjDsOwjAQBe_iGlnxlw0lPWew1rs2DiBbipMKcXcSKQW0b2beWwRclxLWnuYwsbgIJU6_W0R6proDfmC9N0mtLvMU5a7Ig3Z5a5xe18P9OyjYy1Y7p03UWoHPLiJoN2S2kHQ8W_DJMG7cx2yVGTMx5QENkUJwI3kAo8TnC9AJN6E:1s4OIL:OHUW1BrXytkC6Ya5iVo3EYvTz7WoXqDq3O244IFfFyY", "expire_date": "2024-05-21T17:08:01.027Z"}}, {"model": "token_blacklist.outstandingtoken", "pk": 1, "fields": {"user": 1, "jti": "1b1b31f871cb4a598e92cc5be62a79e8", "token": "eyJhbGciOiJIUzI1NiIsInR5cCI6IkpXVCJ9.eyJ0b2tlbl90eXBlIjoicmVmcmVzaCIsImV4cCI6MTcxNTE4ODM3NSwiaWF0IjoxNzE1MTAxOTc1LCJqdGkiOiIxYjFiMzFmODcxY2I0YTU5OGU5MmNjNWJlNjJhNzllOCIsInVzZXJfaWQiOjF9._cII_arVxJkqf_wKXQsId870Yia5stAhujdwIqfHDFw", "created_at": "2024-05-07T17:12:55.163Z", "expires_at": "2024-05-08T17:12:55Z"}}, {"model": "token_blacklist.outstandingtoken", "pk": 2, "fields": {"user": 1, "jti": "e7cc03254ed4418eb82557481390cf4b", "token": "eyJhbGciOiJIUzI1NiIsInR5cCI6IkpXVCJ9.eyJ0b2tlbl90eXBlIjoicmVmcmVzaCIsImV4cCI6MTcxNTE5MDk1OSwiaWF0IjoxNzE1MTA0NTU5LCJqdGkiOiJlN2NjMDMyNTRlZDQ0MThlYjgyNTU3NDgxMzkwY2Y0YiIsInVzZXJfaWQiOjF9.mjOYRuLT7p3cGcTIRBO_Ijsp297Htk3RHhf9O5DNtVA", "created_at": "2024-05-07T17:55:59.887Z", "expires_at": "2024-05-08T17:55:59Z"}}, {"model": "token_blacklist.outstandingtoken", "pk": 3, "fields": {"user": 1, "jti": "4e1fbb49ec25426db648773330753bda", "token": "eyJhbGciOiJIUzI1NiIsInR5cCI6IkpXVCJ9.eyJ0b2tlbl90eXBlIjoicmVmcmVzaCIsImV4cCI6MTcxNTE5MTI2OSwiaWF0IjoxNzE1MTA0ODY5LCJqdGkiOiI0ZTFmYmI0OWVjMjU0MjZkYjY0ODc3MzMzMDc1M2JkYSIsInVzZXJfaWQiOjF9.Zi4ivjzYHXVTyuYckMLykHLltM6PT6NfU6lgadMFUEg", "created_at": "2024-05-07T18:01:09.544Z", "expires_at": "2024-05-08T18:01:09Z"}}, {"model": "token_blacklist.outstandingtoken", "pk": 4, "fields": {"user": 1, "jti": "bcdb7749d7ab4ae4999faa20904448bc", "token": "eyJhbGciOiJIUzI1NiIsInR5cCI6IkpXVCJ9.eyJ0b2tlbl90eXBlIjoicmVmcmVzaCIsImV4cCI6MTcxNTE5OTk5NywiaWF0IjoxNzE1MTEzNTk3LCJqdGkiOiJiY2RiNzc0OWQ3YWI0YWU0OTk5ZmFhMjA5MDQ0NDhiYyIsInVzZXJfaWQiOjF9.Bml-2eVjrYs3PRDL2LASLAOgmYBFOzU5m1_DcO8e5ck", "created_at": "2024-05-07T20:26:37.463Z", "expires_at": "2024-05-08T20:26:37Z"}}, {"model": "token_blacklist.outstandingtoken", "pk": 5, "fields": {"user": null, "jti": "e7d6a1b69f6f40d0badcc825548fa206", "token": "eyJhbGciOiJIUzI1NiIsInR5cCI6IkpXVCJ9.eyJ0b2tlbl90eXBlIjoicmVmcmVzaCIsImV4cCI6MTcxNTE5NTY1MSwiaWF0IjoxNzE1MTA5MjUxLCJqdGkiOiJlN2Q2YTFiNjlmNmY0MGQwYmFkY2M4MjU1NDhmYTIwNiIsInVzZXJfaWQiOjEsInVzZXJuYW1lIjoic3VwZXIifQ.4xurtsio-vrpmXOR7cNVWh30i_sf8tIM6zxmoyoEakU", "created_at": null, "expires_at": "2024-05-08T19:14:11Z"}}, {"model": "token_blacklist.blacklistedtoken", "pk": 1, "fields": {"token": 2, "blacklisted_at": "2024-05-07T17:57:09.261Z"}}, {"model": "token_blacklist.blacklistedtoken", "pk": 2, "fields": {"token": 1, "blacklisted_at": "2024-05-07T19:14:11.978Z"}}, {"model": "token_blacklist.blacklistedtoken", "pk": 3, "fields": {"token": 3, "blacklisted_at": "2024-05-07T19:38:31.032Z"}}, {"model": "token_blacklist.blacklistedtoken", "pk": 4, "fields": {"token": 4, "blacklisted_at": "2024-05-07T21:29:41.397Z"}}, {"model": "token_blacklist.blacklistedtoken", "pk": 5, "fields": {"token": 5, "blacklisted_at": "2024-05-07T22:12:06.015Z"}}, {"model": "archivos_personales.tipo_juicio", "pk": 1, "fields": {"nombre": "Juicio Ordinario"}}, {"model": "archivos_personales.tipo_juicio", "pk": 2, "fields": {"nombre": "Juicio Ejecutivo"}}, {"model": "archivos_personales.tipo_juicio", "pk": 3, "fields": {"nombre": "Juicio de Amparo"}}, {"model": "archivos_personales.tipo_juicio", "pk": 4, "fields": {"nombre": "Juicio Laboral"}}, {"model": "archivos_personales.tipo_juicio", "pk": 5, "fields": {"nombre": "Juicio Civil"}}, {"model": "archivos_personales.tipo_juicio", "pk": 6, "fields": {"nombre": "Juicio Mercantil"}}, {"model": "archivos_personales.tipo_juicio", "pk": 7, "fields": {"nombre": "Juicio Contencioso Administrativo"}}, {"model": "archivos_personales.tipo_juicio", "pk": 8, "fields": {"nombre": "Juicio de Divorcio"}}, {"model": "archivos_personales.tipo_juicio", "pk": 9, "fields": {"nombre": "Juicio de Alimentos"}}, {"model": "archivos_personales.tipo_juicio", "pk": 10, "fields": {"nombre": "Juicio de Desalojo"}}, {"model": "archivos_personales.estado_procesal", "pk": 1, "fields": {"nombre": "Pendiente"}}, {"model": "archivos_personales.estado_procesal", "pk": 2, "fields": {"nombre": "En trámite"}}, {"model": "archivos_personales.estado_procesal", "pk": 3, "fields": {"nombre": "En espera de respuesta"}}, {"model": "archivos_personales.estado_procesal", "pk": 4, "fields": {"nombre": "En revisión"}}, {"model": "archivos_personales.estado_procesal", "pk": 5, "fields": {"nombre": "Archivado"}}, {"model": "archivos_personales.estado_procesal", "pk": 6, "fields": {"nombre": "En curso"}}, {"model": "archivos_personales.estado_procesal", "pk": 7, "fields": {"nombre": "En proceso de aprobación"}}, {"model": "archivos_personales.estado_procesal", "pk": 8, "fields": {"nombre": "En espera de audiencia"}}, {"model": "archivos_personales.estado_procesal", "pk": 9, "fields": {"nombre": "En espera de resolución"}}, {"model": "archivos_personales.estado_procesal", "pk": 10, "fields": {"nombre": "Cerrado"}}, {"model": "archivos_personales.archivo_personal", "pk": 1, "fields": {"caso": 1, "no_expediente": null, "year": 2024, "materia_juridica": 3, "created_at": "2024-05-07T19:25:46.404Z", "updated_at": "2024-05-07T19:25:46.404Z", "created_by": 1, "modified_by": 1, "tipos_juicio": [1, 2]}}, {"model": "archivos_personales.archivo_personal", "pk": 2, "fields": {"caso": 2, "no_expediente": null, "year": 2024, "materia_juridica": 5, "created_at": "2024-05-07T19:26:11.392Z", "updated_at": "2024-05-07T19:26:11.392Z", "created_by": 1, "modified_by": 1, "tipos_juicio": [3, 4]}}, {"model": "archivos_personales.archivo_personal", "pk": 3, "fields": {"caso": 3, "no_expediente": null, "year": 2024, "materia_juridica": 3, "created_at": "2024-05-07T19:26:57.162Z", "updated_at": "2024-05-07T19:26:57.162Z", "created_by": 1, "modified_by": 1, "tipos_juicio": [1, 2]}}, {"model": "archivos_personales.archivo_personal", "pk": 4, "fields": {"caso": 4, "no_expediente": null, "year": 2024, "materia_juridica": 5, "created_at": "2024-05-07T19:27:08.836Z", "updated_at": "2024-05-07T19:27:08.836Z", "created_by": 1, "modified_by": 1, "tipos_juicio": [3, 4]}}, {"model": "archivos_personales.archivo_personal", "pk": 5, "fields": {"caso": 5, "no_expediente": null, "year": 2024, "materia_juridica": 4, "created_at": "2024-05-07T19:28:07.577Z", "updated_at": "2024-05-07T19:28:07.577Z", "created_by": 1, "modified_by": 1, "tipos_juicio": [2, 3]}}, {"model": "archivos_personales.archivo_personal", "pk": 6, "fields": {"caso": 6, "no_expediente": null, "year": 2024, "materia_juridica": 5, "created_at": "2024-05-07T19:28:13.381Z", "updated_at": "2024-05-07T19:28:13.381Z", "created_by": 1, "modified_by": 1, "tipos_juicio": [3, 4]}}, {"model": "archivos_personales.archivo_personal", "pk": 7, "fields": {"caso": 7, "no_expediente": null, "year": 2024, "materia_juridica": 3, "created_at": "2024-05-07T19:28:20.396Z", "updated_at": "2024-05-07T19:28:20.396Z", "created_by": 1, "modified_by": 1, "tipos_juicio": [1, 2]}}, {"model": "archivos_personales.archivo_personal", "pk": 8, "fields": {"caso": 8, "no_expediente": null, "year": 2024, "materia_juridica": 5, "created_at": "2024-05-07T19:28:39.325Z", "updated_at": "2024-05-07T19:28:39.325Z", "created_by": 1, "modified_by": 1, "tipos_juicio": [3, 4]}}, {"model": "archivos_personales.estado_procesal_historial", "pk": 1, "fields": {"ap": 1, "estado_procesal": 5, "juzgado_sala": null, "subproceso": null, "fecha_inicio": "2024-05-07T19:25:46.432Z", "fecha_fin": null, "created_by": 1}}, {"model": "archivos_personales.estado_procesal_historial", "pk": 2, "fields": {"ap": 2, "estado_procesal": 3, "juzgado_sala": null, "subproceso": null, "fecha_inicio": "2024-05-07T19:26:11.418Z", "fecha_fin": null, "created_by": 1}}, {"model": "archivos_personales.estado_procesal_historial", "pk": 3, "fields": {"ap": 3, "estado_procesal": 5, "juzgado_sala": null, "subproceso": null, "fecha_inicio": "2024-05-07T19:26:57.183Z", "fecha_fin": null, "created_by": 1}}, {"model": "archivos_personales.estado_procesal_historial", "pk": 4, "fields": {"ap": 4, "estado_procesal": 3, "juzgado_sala": null, "subproceso": null, "fecha_inicio": "2024-05-07T19:27:08.864Z", "fecha_fin": null, "created_by": 1}}, {"model": "archivos_personales.estado_procesal_historial", "pk": 5, "fields": {"ap": 5, "estado_procesal": 6, "juzgado_sala": null, "subproceso": null, "fecha_inicio": "2024-05-07T19:28:07.601Z", "fecha_fin": null, "created_by": 1}}, {"model": "archivos_personales.estado_procesal_historial", "pk": 6, "fields": {"ap": 6, "estado_procesal": 3, "juzgado_sala": null, "subproceso": null, "fecha_inicio": "2024-05-07T19:28:13.403Z", "fecha_fin": null, "created_by": 1}}, {"model": "archivos_personales.estado_procesal_historial", "pk": 7, "fields": {"ap": 7, "estado_procesal": 7, "juzgado_sala": null, "subproceso": null, "fecha_inicio": "2024-05-07T19:28:20.421Z", "fecha_fin": null, "created_by": 1}}, {"model": "archivos_personales.estado_procesal_historial", "pk": 8, "fields": {"ap": 8, "estado_procesal": 4, "juzgado_sala": null, "subproceso": null, "fecha_inicio": "2024-05-07T19:28:39.348Z", "fecha_fin": null, "created_by": 1}}, {"model": "casos.caso", "pk": 1, "fields": {"nombre": "Demanda de pago de deuda", "descripcion": "Reclamación por incumplimiento de pago de préstamo", "cotizacion": "8000.00", "cliente": 1, "created_at": "2024-05-07T19:25:46.319Z", "updated_at": "2024-05-07T19:25:46.319Z", "created_by": 1, "modified_by": 1, "licenciados": [1, 2, 3, 4]}}, {"model": "casos.caso", "pk": 2, "fields": {"nombre": "Reclamación de daños", "descripcion": "Daños causados por negligencia en el trabajo", "cotizacion": "12000.00", "cliente": 1, "created_at": "2024-05-07T19:26:11.362Z", "updated_at": "2024-05-07T19:26:11.362Z", "created_by": 1, "modified_by": 1, "licenciados": [2, 3, 4, 5]}}, {"model": "casos.caso", "pk": 3, "fields": {"nombre": "Reclamación por despido injustificado", "descripcion": "Despido sin causa justificada, reclamo de indemnización", "cotizacion": "10000.00", "cliente": 2, "created_at": "2024-05-07T19:26:57.137Z", "updated_at": "2024-05-07T19:26:57.137Z", "created_by": 1, "modified_by": 1, "licenciados": [1, 2, 3, 4]}}, {"model": "casos.caso", "pk": 4, "fields": {"nombre": "Divorcio por mutuo acuerdo", "descripcion": "Separación consensuada, reparto de bienes y custodia compartida", "cotizacion": "15000.00", "cliente": 2, "created_at": "2024-05-07T19:27:08.809Z", "updated_at": "2024-05-07T19:27:08.809Z", "created_by": 1, "modified_by": 1, "licenciados": [2, 3, 4, 5]}}, {"model": "casos.caso", "pk": 5, "fields": {"nombre": "Reclamación de propiedad", "descripcion": "Disputa por la propiedad de un terreno", "cotizacion": "12000.00", "cliente": 3, "created_at": "2024-05-07T19:28:07.559Z", "updated_at": "2024-05-07T19:28:07.559Z", "created_by": 1, "modified_by": 1, "licenciados": [1, 2, 3, 4]}}, {"model": "casos.caso", "pk": 6, "fields": {"nombre": "Reclamación laboral", "descripcion": "Reclamo por salarios no pagados y despido injustificado", "cotizacion": "10000.00", "cliente": 3, "created_at": "2024-05-07T19:28:13.354Z", "updated_at": "2024-05-07T19:28:13.354Z", "created_by": 1, "modified_by": 1, "licenciados": [2, 3, 4, 5]}}, {"model": "casos.caso", "pk": 7, "fields": {"nombre": "Divorcio contencioso", "descripcion": "Separación con disputas sobre custodia de hijos y reparto de bienes", "cotizacion": "15000.00", "cliente": 4, "created_at": "2024-05-07T19:28:20.369Z", "updated_at": "2024-05-07T19:28:20.369Z", "created_by": 1, "modified_by": 1, "licenciados": [1, 2, 3, 4]}}, {"model": "casos.caso", "pk": 8, "fields": {"nombre": "Reclamación de deuda hipotecaria", "descripcion": "Reclamación por impago de hipoteca y posible ejecución hipotecaria", "cotizacion": "18000.00", "cliente": 4, "created_at": "2024-05-07T19:28:39.303Z", "updated_at": "2024-05-07T19:28:39.303Z", "created_by": 1, "modified_by": 1, "licenciados": [2, 3, 4, 5]}}, {"model": "involucrados.actor", "pk": 1, "fields": {"nombres": "Juan", "apellido_paterno": "García", "apellido_materno": "López", "curp": "XXXX123456XXXXX01", "rfc": "GALJ951203XXX", "genero": "M", "fecha_nacimiento": "1995-12-03", "correo": "juang@gmail.com", "telefono": "4432884893", "lugar_nacimiento": "Morelia", "domicilio_calle": "Av. Juárez", "domicilio_num_ext": "123", "domicilio_num_int": "A", "domicilio_colonia": "Centro", "domicilio_municipio": "Morelia", "domicilio_estado": "Michoacán", "domicilio_pais": "México", "domicilio_codigo_postal": "58160", "archivo_personal": 1}}, {"model": "involucrados.actor", "pk": 2, "fields": {"nombres": "Pedro", "apellido_paterno": "Martínez", "apellido_materno": "Díaz", "curp": "XXXX123456XXXXX03", "rfc": "MADI951203XXX", "genero": "M", "fecha_nacimiento": "1995-12-03", "correo": "pedromd@gmail.com", "telefono": "4432884893", "lugar_nacimiento": "Pátzcuaro", "domicilio_calle": "Av. Hidalgo", "domicilio_num_ext": "789", "domicilio_num_int": "C", "domicilio_colonia": "Centro", "domicilio_municipio": "Pátzcuaro", "domicilio_estado": "Michoacán", "domicilio_pais": "México", "domicilio_codigo_postal": "61600", "archivo_personal": 2}}, {"model": "involucrados.actor", "pk": 3, "fields": {"nombres": "Elena", "apellido_paterno": "González", "apellido_materno": "Hernández", "curp": "XXXX123456XXXXX05", "rfc": "GOHE951203XXX", "genero": "F", "fecha_nacimiento": "1995-12-03", "correo": "elenagh@gmail.com", "telefono": "4432884893", "lugar_nacimiento": "Morelia", "domicilio_calle": "Av. Juárez", "domicilio_num_ext": "123", "domicilio_num_int": "A", "domicilio_colonia": "Centro", "domicilio_municipio": "Morelia", "domicilio_estado": "Michoacán", "domicilio_pais": "México", "domicilio_codigo_postal": "58160", "archivo_personal": 3}}, {"model": "involucrados.actor", "pk": 4, "fields": {"nombres": "Laura", "apellido_paterno": "Pérez", "apellido_materno": "Gómez", "curp": "XXXX123456XXXXX07", "rfc": "PEGP951203XXX", "genero": "F", "fecha_nacimiento": "1995-12-03", "correo": "laurap@gmail.com", "telefono": "4432884893", "lugar_nacimiento": "Pátzcuaro", "domicilio_calle": "Av. Hidalgo", "domicilio_num_ext": "789", "domicilio_num_int": "C", "domicilio_colonia": "Centro", "domicilio_municipio": "Pátzcuaro", "domicilio_estado": "Michoacán", "domicilio_pais": "México", "domicilio_codigo_postal": "61600", "archivo_personal": 4}}, {"model": "involucrados.actor", "pk": 5, "fields": {"nombres": "Sofía", "apellido_paterno": "Hernández", "apellido_materno": "Martínez", "curp": "XXXX123456XXXXX09", "rfc": "HEMA951203XXX", "genero": "F", "fecha_nacimiento": "1995-12-03", "correo": "sofiah@gmail.com", "telefono": "4432884893", "lugar_nacimiento": "Morelia", "domicilio_calle": "Av. Juárez", "domicilio_num_ext": "123", "domicilio_num_int": "A", "domicilio_colonia": "Centro", "domicilio_municipio": "Morelia", "domicilio_estado": "Michoacán", "domicilio_pais": "México", "domicilio_codigo_postal": "58160", "archivo_personal": 5}}, {"model": "involucrados.actor", "pk": 6, "fields": {"nombres": "María", "apellido_paterno": "García", "apellido_materno": "Díaz", "curp": "XXXX123456XXXXX11", "rfc": "GADI951203XXX", "genero": "F", "fecha_nacimiento": "1995-12-03", "correo": "mariagd@gmail.com", "telefono": "4432884893", "lugar_nacimiento": "Pátzcuaro", "domicilio_calle": "Av. Hidalgo", "domicilio_num_ext": "789", "domicilio_num_int": "C", "domicilio_colonia": "Centro", "domicilio_municipio": "Pátzcuaro", "domicilio_estado": "Michoacán", "domicilio_pais": "México", "domicilio_codigo_postal": "61600", "archivo_personal": 6}}, {"model": "involucrados.actor", "pk": 7, "fields": {"nombres": "José", "apellido_paterno": "Fernández", "apellido_materno": "González", "curp": "XXXX123456XXXXX13", "rfc": "FEGO951203XXX", "genero": "M", "fecha_nacimiento": "1995-12-03", "correo": "josefg@gmail.com", "telefono": "4432884893", "lugar_nacimiento": "Morelia", "domicilio_calle": "Av. Juárez", "domicilio_num_ext": "123", "domicilio_num_int": "A", "domicilio_colonia": "Centro", "domicilio_municipio": "Morelia", "domicilio_estado": "Michoacán", "domicilio_pais": "México", "domicilio_codigo_postal": "58160", "archivo_personal": 7}}, {"model": "involucrados.actor", "pk": 8, "fields": {"nombres": "Lucía", "apellido_paterno": "Rodríguez", "apellido_materno": "Díaz", "curp": "XXXX123456XXXXX15", "rfc": "RODD951203XXX", "genero": "F", "fecha_nacimiento": "1995-12-03", "correo": "luciar@gmail.com", "telefono": "4432884893", "lugar_nacimiento": "Pátzcuaro", "domicilio_calle": "Av. Hidalgo", "domicilio_num_ext": "789", "domicilio_num_int": "C", "domicilio_colonia": "Centro", "domicilio_municipio": "Pátzcuaro", "domicilio_estado": "Michoacán", "domicilio_pais": "México", "domicilio_codigo_postal": "61600", "archivo_personal": 8}}, {"model": "involucrados.demandado", "pk": 1, "fields": {"nombres": "María", "apellido_paterno": "Hernández", "apellido_materno": "Sánchez", "curp": "XXXX123456XXXXX02", "rfc": "HEMA951203XXX", "genero": "F", "fecha_nacimiento": "1995-12-03", "correo": "mariah@gmail.com", "telefono": "4432884893", "lugar_nacimiento": "Uruapan", "domicilio_calle": "Av. Morelos", "domicilio_num_ext": "456", "domicilio_num_int": "B", "domicilio_colonia": "Centro", "domicilio_municipio": "Uruapan", "domicilio_estado": "Michoacán", "domicilio_pais": "México", "domicilio_codigo_postal": "58000", "archivo_personal": 1}}, {"model": "involucrados.demandado", "pk": 2, "fields": {"nombres": "Ana", "apellido_paterno": "Gómez", "apellido_materno": "Rodríguez", "curp": "XXXX123456XXXXX04", "rfc": "GORO951203XXX", "genero": "F", "fecha_nacimiento": "1995-12-03", "correo": "anagr@gmail.com", "telefono": "4432884893", "lugar_nacimiento": "Apatzingán", "domicilio_calle": "Av. Independencia", "domicilio_num_ext": "1011", "domicilio_num_int": "D", "domicilio_colonia": "Centro", "domicilio_municipio": "Apatzingán", "domicilio_estado": "Michoacán", "domicilio_pais": "México", "domicilio_codigo_postal": "60600", "archivo_personal": 2}}, {"model": "involucrados.demandado", "pk": 3, "fields": {"nombres": "Miguel", "apellido_paterno": "López", "apellido_materno": "Martínez", "curp": "XXXX123456XXXXX06", "rfc": "LOMA951203XXX", "genero": "M", "fecha_nacimiento": "1995-12-03", "correo": "miguel@gmail.com", "telefono": "4432884893", "lugar_nacimiento": "Uruapan", "domicilio_calle": "Av. Morelos", "domicilio_num_ext": "456", "domicilio_num_int": "B", "domicilio_colonia": "Centro", "domicilio_municipio": "Uruapan", "domicilio_estado": "Michoacán", "domicilio_pais": "México", "domicilio_codigo_postal": "58000", "archivo_personal": 3}}, {"model": "involucrados.demandado", "pk": 4, "fields": {"nombres": "Jorge", "apellido_paterno": "Ruiz", "apellido_materno": "Díaz", "curp": "XXXX123456XXXXX08", "rfc": "RUDI951203XXX", "genero": "M", "fecha_nacimiento": "1995-12-03", "correo": "jorger@gmail.com", "telefono": "4432884893", "lugar_nacimiento": "Apatzingán", "domicilio_calle": "Av. Independencia", "domicilio_num_ext": "1011", "domicilio_num_int": "D", "domicilio_colonia": "Centro", "domicilio_municipio": "Apatzingán", "domicilio_estado": "Michoacán", "domicilio_pais": "México", "domicilio_codigo_postal": "60600", "archivo_personal": 4}}, {"model": "involucrados.demandado", "pk": 5, "fields": {"nombres": "Diego", "apellido_paterno": "López", "apellido_materno": "Martínez", "curp": "XXXX123456XXXXX10", "rfc": "LOMA951203XXX", "genero": "M", "fecha_nacimiento": "1995-12-03", "correo": "diego@gmail.com", "telefono": "4432884893", "lugar_nacimiento": "Uruapan", "domicilio_calle": "Av. Morelos", "domicilio_num_ext": "456", "domicilio_num_int": "B", "domicilio_colonia": "Centro", "domicilio_municipio": "Uruapan", "domicilio_estado": "Michoacán", "domicilio_pais": "México", "domicilio_codigo_postal": "58000", "archivo_personal": 5}}, {"model": "involucrados.demandado", "pk": 6, "fields": {"nombres": "Pedro", "apellido_paterno": "Martínez", "apellido_materno": "Gómez", "curp": "XXXX123456XXXXX12", "rfc": "MAGO951203XXX", "genero": "M", "fecha_nacimiento": "1995-12-03", "correo": "pedromg@gmail.com", "telefono": "4432884893", "lugar_nacimiento": "Apatzingán", "domicilio_calle": "Av. Independencia", "domicilio_num_ext": "1011", "domicilio_num_int": "D", "domicilio_colonia": "Centro", "domicilio_municipio": "Apatzingán", "domicilio_estado": "Michoacán", "domicilio_pais": "México", "domicilio_codigo_postal": "60600", "archivo_personal": 6}}, {"model": "involucrados.demandado", "pk": 7, "fields": {"nombres": "Ana", "apellido_paterno": "Hernández", "apellido_materno": "Martínez", "curp": "XXXX123456XXXXX14", "rfc": "HEMA951203XXX", "genero": "F", "fecha_nacimiento": "1995-12-03", "correo": "anahm@gmail.com", "telefono": "4432884893", "lugar_nacimiento": "Uruapan", "domicilio_calle": "Av. Morelos", "domicilio_num_ext": "456", "domicilio_num_int": "B", "domicilio_colonia": "Centro", "domicilio_municipio": "Uruapan", "domicilio_estado": "Michoacán", "domicilio_pais": "México", "domicilio_codigo_postal": "58000", "archivo_personal": 7}}, {"model": "involucrados.demandado", "pk": 8, "fields": {"nombres": "Juan", "apellido_paterno": "Gómez", "apellido_materno": "Martínez", "curp": "XXXX123456XXXXX16", "rfc": "GOMA951203XXX", "genero": "M", "fecha_nacimiento": "1995-12-03", "correo": "juangm@gmail.com", "telefono": "4432884893", "lugar_nacimiento": "Apatzingán", "domicilio_calle": "Av. Independencia", "domicilio_num_ext": "1011", "domicilio_num_int": "D", "domicilio_colonia": "Centro", "domicilio_municipio": "Apatzingán", "domicilio_estado": "Michoacán", "domicilio_pais": "México", "domicilio_codigo_postal": "60600", "archivo_personal": 8}}, {"model": "materias.materia_juridica", "pk": 1, "fields": {"nombre": "Derecho Civil"}}, {"model": "materias.materia_juridica", "pk": 2, "fields": {"nombre": "Derecho Penal"}}, {"model": "materias.materia_juridica", "pk": 3, "fields": {"nombre": "Derecho Constitucional"}}, {"model": "materias.materia_juridica", "pk": 4, "fields": {"nombre": "Derecho Administrativo"}}, {"model": "materias.materia_juridica", "pk": 5, "fields": {"nombre": "Derecho Laboral"}}, {"model": "materias.materia_juridica", "pk": 6, "fields": {"nombre": "Derecho Mercantil"}}, {"model": "materias.materia_juridica", "pk": 7, "fields": {"nombre": "Derecho Internacional"}}, {"model": "materias.materia_juridica", "pk": 8, "fields": {"nombre": "Derecho Fiscal"}}, {"model": "materias.materia_juridica", "pk": 9, "fields": {"nombre": "Derecho Ambiental"}}, {"model": "personas.cliente", "pk": 1, "fields": {"nombres": "Juan", "apellido_paterno": "Gómez", "apellido_materno": "Pérez", "curp": "GOPJ950101HDFLNS09", "rfc": "GOPJ950101ABC", "genero": "M", "fecha_nacimiento": "1995-01-01", "correo": "juan.gomez@example.com", "telefono": "5544332211", "lugar_nacimiento": "Ciudad de México", "domicilio_calle": "Calle Principal", "domicilio_num_ext": "123", "domicilio_num_int": "A", "domicilio_colonia": "Colonia Centro", "domicilio_municipio": "Benito Juárez", "domicilio_estado": "Ciudad de México", "domicilio_pais": "México", "domicilio_codigo_postal": "03100", "usuario": null}}, {"model": "personas.cliente", "pk": 2, "fields": {"nombres": "María", "apellido_paterno": "López", "apellido_materno": "García", "curp": "LOMG930202HDFLRC02", "rfc": "LOMG930202ABC", "genero": "F", "fecha_nacimiento": "1993-02-02", "correo": "maria.lopez@example.com", "telefono": "5566778899", "lugar_nacimiento": "Guadalajara", "domicilio_calle": "Avenida Reforma", "domicilio_num_ext": "456", "domicilio_num_int": "B", "domicilio_colonia": "Colonia Revolución", "domicilio_municipio": "Guadalajara", "domicilio_estado": "Jalisco", "domicilio_pais": "México", "domicilio_codigo_postal": "44100", "usuario": null}}, {"model": "personas.cliente", "pk": 3, "fields": {"nombres": "Ana", "apellido_paterno": "Martínez", "apellido_materno": "Hernández", "curp": "MAHA940303HDFRTN08", "rfc": "MAHA940303ABC", "genero": "F", "fecha_nacimiento": "1994-03-03", "correo": "ana.martinez@example.com", "telefono": "5588996677", "lugar_nacimiento": "Monterrey", "domicilio_calle": "Calle Independencia", "domicilio_num_ext": "789", "domicilio_num_int": "C", "domicilio_colonia": "Colonia Centro", "domicilio_municipio": "Monterrey", "domicilio_estado": "Nuevo León", "domicilio_pais": "México", "domicilio_codigo_postal": "64000", "usuario": null}}, {"model": "personas.cliente", "pk": 4, "fields": {"nombres": "Pedro", "apellido_paterno": "Ramírez", "apellido_materno": "López", "curp": "RALP920404HDFGTR09", "rfc": "RALP920404ABC", "genero": "M", "fecha_nacimiento": "1992-04-04", "correo": "pedro.ramirez@example.com", "telefono": "5544332211", "lugar_nacimiento": "Puebla", "domicilio_calle": "Calle Juárez", "domicilio_num_ext": "321", "domicilio_num_int": "D", "domicilio_colonia": "Colonia Reforma", "domicilio_municipio": "Puebla", "domicilio_estado": "Puebla", "domicilio_pais": "México", "domicilio_codigo_postal": "72000", "usuario": null}}, {"model": "personas.cliente", "pk": 5, "fields": {"nombres": "Laura", "apellido_paterno": "González", "apellido_materno": "Fernández", "curp": "GOFJ910505HDFNDR07", "rfc": "GOFJ910505ABC", "genero": "F", "fecha_nacimiento": "1991-05-05", "correo": "laura.gonzalez@example.com", "telefono": "5566778899", "lugar_nacimiento": "Mérida", "domicilio_calle": "Avenida Hidalgo", "domicilio_num_ext": "654", "domicilio_num_int": "F", "domicilio_colonia": "Colonia Mérida Centro", "domicilio_municipio": "Mérida", "domicilio_estado": "Yucatán", "domicilio_pais": "México", "domicilio_codigo_postal": "97000", "usuario": null}}, {"model": "personas.cliente", "pk": 6, "fields": {"nombres": "Silvia", "apellido_paterno": "Díaz", "apellido_materno": "Gutiérrez", "curp": "DIGS910808HDFNZN01", "rfc": "DIGS910808ABC", "genero": "F", "fecha_nacimiento": "1991-08-08", "correo": "silvia.diaz@example.com", "telefono": "5544668899", "lugar_nacimiento": "Ciudad Juárez", "domicilio_calle": "Avenida Reforma", "domicilio_num_ext": "654", "domicilio_num_int": "I", "domicilio_colonia": "Colonia Juárez Centro", "domicilio_municipio": "Ciudad Juárez", "domicilio_estado": "Chihuahua", "domicilio_pais": "México", "domicilio_codigo_postal": "32000", "usuario": null}}, {"model": "personas.cliente", "pk": 7, "fields": {"nombres": "Carlos", "apellido_paterno": "Hernández", "apellido_materno": "Pérez", "curp": "HEPC930606HDFNNS08", "rfc": "HEPC930606ABC", "genero": "M", "fecha_nacimiento": "1993-06-06", "correo": "carlos.hernandez@example.com", "telefono": "5588996677", "lugar_nacimiento": "Tijuana", "domicilio_calle": "Calle México", "domicilio_num_ext": "456", "domicilio_num_int": "G", "domicilio_colonia": "Colonia Tijuana Centro", "domicilio_municipio": "Tijuana", "domicilio_estado": "Baja California", "domicilio_pais": "México", "domicilio_codigo_postal": "22000", "usuario": null}}, {"model": "personas.cliente", "pk": 8, "fields": {"nombres": "Javier", "apellido_paterno": "Martínez", "apellido_materno": "Gómez", "curp": "MAGJ900101HDFLZM08", "rfc": "MAGJ900101ABC", "genero": "M", "fecha_nacimiento": "1990-01-01", "correo": "javier.martinez@example.com", "telefono": "5577889900", "lugar_nacimiento": "Querétaro", "domicilio_calle": "Calle Revolución", "domicilio_num_ext": "987", "domicilio_num_int": "H", "domicilio_colonia": "Colonia Reforma", "domicilio_municipio": "Querétaro", "domicilio_estado": "Querétaro", "domicilio_pais": "México", "domicilio_codigo_postal": "76000", "usuario": null}}, {"model": "personas.cliente", "pk": 9, "fields": {"nombres": "Elena", "apellido_paterno": "Hernández", "apellido_materno": "García", "curp": "HEGG880202HDFLNR07", "rfc": "HEGG880202ABC", "genero": "F", "fecha_nacimiento": "1988-02-02", "correo": "elena.hernandez@example.com", "telefono": "5566778899", "lugar_nacimiento": "Veracruz", "domicilio_calle": "Calle Morelos", "domicilio_num_ext": "321", "domicilio_num_int": "J", "domicilio_colonia": "Colonia Centro", "domicilio_municipio": "Veracruz", "domicilio_estado": "Veracruz", "domicilio_pais": "México", "domicilio_codigo_postal": "91700", "usuario": null}}, {"model": "personas.cliente", "pk": 10, "fields": {"nombres": "Luis", "apellido_paterno": "García", "apellido_materno": "Martínez", "curp": "GAML900101HDFLNS07", "rfc": "GAML900101ABC", "genero": "M", "fecha_nacimiento": "1990-01-01", "correo": "luis.garcia@example.com", "telefono": "5544332211", "lugar_nacimiento": "Ciudad de México", "domicilio_calle": "Calle Principal", "domicilio_num_ext": "123", "domicilio_num_int": "A", "domicilio_colonia": "Colonia Centro", "domicilio_municipio": "Benito Juárez", "domicilio_estado": "Ciudad de México", "domicilio_pais": "México", "domicilio_codigo_postal": "03100", "usuario": null}}, {"model": "personas.cliente", "pk": 11, "fields": {"nombres": "Carlos", "apellido_paterno": "Pérez", "apellido_materno": "González", "curp": "PEGC910101HDFLNS08", "rfc": "PEGC910101ABC", "genero": "M", "fecha_nacimiento": "1991-01-01", "correo": "carlos.perez@example.com", "telefono": "5544332211", "lugar_nacimiento": "Guadalajara", "domicilio_calle": "Calle Independencia", "domicilio_num_ext": "789", "domicilio_num_int": "C", "domicilio_colonia": "Colonia Revolución", "domicilio_municipio": "Guadalajara", "domicilio_estado": "Jalisco", "domicilio_pais": "México", "domicilio_codigo_postal": "44100", "usuario": 13}}, {"model": "personas.cliente", "pk": 12, "fields": {"nombres": "Ana", "apellido_paterno": "Martínez", "apellido_materno": "Hernández", "curp": "MAHM930303HDFLRC07", "rfc": "MAHM930303ABC", "genero": "F", "fecha_nacimiento": "1993-03-03", "correo": "ana.martinez@example.com", "telefono": "5566778899", "lugar_nacimiento": "Monterrey", "domicilio_calle": "Avenida Reforma", "domicilio_num_ext": "456", "domicilio_num_int": "B", "domicilio_colonia": "Colonia Revolución", "domicilio_municipio": "Monterrey", "domicilio_estado": "Nuevo León", "domicilio_pais": "México", "domicilio_codigo_postal": "64000", "usuario": 14}}, {"model": "personas.cliente", "pk": 13, "fields": {"nombres": "Pedro", "apellido_paterno": "Martínez", "apellido_materno": "García", "curp": "MAGP910101HDFLNS06", "rfc": "MAGP910101ABC", "genero": "M", "fecha_nacimiento": "1991-01-01", "correo": "pedro.martinez@example.com", "telefono": "5544332211", "lugar_nacimiento": "Ciudad de México", "domicilio_calle": "Calle Principal", "domicilio_num_ext": "123", "domicilio_num_int": "A", "domicilio_colonia": "Colonia Centro", "domicilio_municipio": "Benito Juárez", "domicilio_estado": "Ciudad de México", "domicilio_pais": "México", "domicilio_codigo_postal": "03100", "usuario": 15}}, {"model": "personas.cliente", "pk": 14, "fields": {"nombres": "Luis", "apellido_paterno": "Hernández", "apellido_materno": "González", "curp": "HEGG920202HDFLNS07", "rfc": "HEGG920202ABC", "genero": "M", "fecha_nacimiento": "1992-02-02", "correo": "luis.hernandez@example.com", "telefono": "5544332211", "lugar_nacimiento": "Guadalajara", "domicilio_calle": "Calle Independencia", "domicilio_num_ext": "789", "domicilio_num_int": "C", "domicilio_colonia": "Colonia Revolución", "domicilio_municipio": "Guadalajara", "domicilio_estado": "Jalisco", "domicilio_pais": "México", "domicilio_codigo_postal": "44100", "usuario": 16}}, {"model": "personas.cliente", "pk": 15, "fields": {"nombres": "María", "apellido_paterno": "González", "apellido_materno": "Martínez", "curp": "GOMG900101HDFLNS05", "rfc": "GOMG900101ABC", "genero": "F", "fecha_nacimiento": "1990-01-01", "correo": "maria.gonzalez@example.com", "telefono": "5544332211", "lugar_nacimiento": "Ciudad de México", "domicilio_calle": "Calle Principal", "domicilio_num_ext": "123", "domicilio_num_int": "A", "domicilio_colonia": "Colonia Centro", "domicilio_municipio": "Benito Juárez", "domicilio_estado": "Ciudad de México", "domicilio_pais": "México", "domicilio_codigo_postal": "03100", "usuario": 17}}, {"model": "personas.cliente", "pk": 16, "fields": {"nombres": "Ana", "apellido_paterno": "González", "apellido_materno": "Martínez", "curp": "", "rfc": "", "genero": "F", "fecha_nacimiento": null, "correo": "ana.gonzalez@example.com", "telefono": "", "lugar_nacimiento": "Guadalajara", "domicilio_calle": "Calle Principal", "domicilio_num_ext": "123", "domicilio_num_int": "A", "domicilio_colonia": "Colonia Centro", "domicilio_municipio": "Guadalajara", "domicilio_estado": "Jalisco", "domicilio_pais": "México", "domicilio_codigo_postal": "44100", "usuario": null}}, {"model": "personas.cliente", "pk": 17, "fields": {"nombres": "Pedro", "apellido_paterno": "Hernández", "apellido_materno": "López", "curp": "", "rfc": "", "genero": "M", "fecha_nacimiento": null, "correo": "pedro.hernandez@example.com", "telefono": "", "lugar_nacimiento": "Ciudad de México", "domicilio_calle": "Avenida Reforma", "domicilio_num_ext": "456", "domicilio_num_int": "B", "domicilio_colonia": "Colonia Juárez", "domicilio_municipio": "Benito Juárez", "domicilio_estado": "Ciudad de México", "domicilio_pais": "México", "domicilio_codigo_postal": "03100", "usuario": null}}, {"model": "personas.cliente", "pk": 18, "fields": {"nombres": "Laura", "apellido_paterno": "Martínez", "apellido_materno": "Gómez", "curp": "", "rfc": "", "genero": "F", "fecha_nacimiento": null, "correo": "laura.martinez@example.com", "telefono": "", "lugar_nacimiento": "Monterrey", "domicilio_calle": "Calle Independencia", "domicilio_num_ext": "789", "domicilio_num_int": "C", "domicilio_colonia": "Colonia Revolución", "domicilio_municipio": "Monterrey", "domicilio_estado": "Nuevo León", "domicilio_pais": "México", "domicilio_codigo_postal": "64000", "usuario": null}}, {"model": "personas.cliente", "pk": 19, "fields": {"nombres": "Carlos", "apellido_paterno": "Fernández", "apellido_materno": "López", "curp": "", "rfc": "", "genero": "M", "fecha_nacimiento": null, "correo": "carlos.fernandez@example.com", "telefono": "", "lugar_nacimiento": "Tijuana", "domicilio_calle": "Calle México", "domicilio_num_ext": "456", "domicilio_num_int": "D", "domicilio_colonia": "Colonia Tijuana Centro", "domicilio_municipio": "Tijuana", "domicilio_estado": "Baja California", "domicilio_pais": "México", "domicilio_codigo_postal": "22000", "usuario": null}}, {"model": "personas.cliente", "pk": 20, "fields": {"nombres": "María", "apellido_paterno": "Hernández", "apellido_materno": "García", "curp": "", "rfc": "", "genero": "F", "fecha_nacimiento": null, "correo": "maria.hernandez@example.com", "telefono": "", "lugar_nacimiento": "Veracruz", "domicilio_calle": "Calle Morelos", "domicilio_num_ext": "321", "domicilio_num_int": "J", "domicilio_colonia": "Colonia Centro", "domicilio_municipio": "Veracruz", "domicilio_estado": "Veracruz", "domicilio_pais": "México", "domicilio_codigo_postal": "91700", "usuario": null}}, {"model": "personas.cliente", "pk": 21, "fields": {"nombres": "Javier", "apellido_paterno": "González", "apellido_materno": "Martínez", "curp": "", "rfc": "", "genero": "M", "fecha_nacimiento": null, "correo": "javier.gonzalez@example.com", "telefono": "", "lugar_nacimiento": "Querétaro", "domicilio_calle": "Calle Revolución", "domicilio_num_ext": "987", "domicilio_num_int": "H", "domicilio_colonia": "Colonia Reforma", "domicilio_municipio": "Querétaro", "domicilio_estado": "Querétaro", "domicilio_pais": "México", "domicilio_codigo_postal": "76000", "usuario": null}}, {"model": "personas.cliente", "pk": 22, "fields": {"nombres": "Elena", "apellido_paterno": "López", "apellido_materno": "García", "curp": "", "rfc": "", "genero": "F", "fecha_nacimiento": null, "correo": "elena.lopez@example.com", "telefono": "", "lugar_nacimiento": "Puebla", "domicilio_calle": "Calle Juárez", "domicilio_num_ext": "321", "domicilio_num_int": "D", "domicilio_colonia": "Colonia Reforma", "domicilio_municipio": "Puebla", "domicilio_estado": "Puebla", "domicilio_pais": "México", "domicilio_codigo_postal": "72000", "usuario": null}}, {"model": "personas.cliente", "pk": 23, "fields": {"nombres": "Luis", "apellido_paterno": "Gómez", "apellido_materno": "Hernández", "curp": "", "rfc": "", "genero": "M", "fecha_nacimiento": null, "correo": "luis.gomez@example.com", "telefono": "", "lugar_nacimiento": "Ciudad de México", "domicilio_calle": "Calle Principal", "domicilio_num_ext": "123", "domicilio_num_int": "A", "domicilio_colonia": "Colonia Centro", "domicilio_municipio": "Benito Juárez", "domicilio_estado": "Ciudad de México", "domicilio_pais": "México", "domicilio_codigo_postal": "03100", "usuario": null}}, {"model": "personas.cliente", "pk": 24, "fields": {"nombres": "María", "apellido_paterno": "González", "apellido_materno": "Hernández", "curp": "", "rfc": "", "genero": "F", "fecha_nacimiento": null, "correo": "maria.gonzalez@example.com", "telefono": "", "lugar_nacimiento": "Monterrey", "domicilio_calle": "Calle Independencia", "domicilio_num_ext": "789", "domicilio_num_int": "C", "domicilio_colonia": "Colonia Revolución", "domicilio_municipio": "Monterrey", "domicilio_estado": "Nuevo León", "domicilio_pais": "México", "domicilio_codigo_postal": "64000", "usuario": null}}, {"model": "personas.licenciado", "pk": 1, "fields": {"nombres": "Juan", "apellido_paterno": "G mez", "apellido_materno": "P rez", "curp": "GOPJ950101HDFLNS09", "rfc": "GOPJ950101ABC", "genero": "M", "fecha_nacimiento": "1995-01-01", "correo": "juan.gomez@example.com", "telefono": "5544332211", "lugar_nacimiento": "Ciudad de M xico", "domicilio_calle": "Calle Principal", "domicilio_num_ext": "123", "domicilio_num_int": "A", "domicilio_colonia": "Colonia Centro", "domicilio_municipio": "Benito Ju rez", "domicilio_estado": "Ciudad de M xico", "domicilio_pais": "M xico", "domicilio_codigo_postal": "03100", "cedula_profesional": "", "usuario": 3}}, {"model": "personas.licenciado", "pk": 2, "fields": {"nombres": "Mar a", "apellido_paterno": "P rez", "apellido_materno": "Garc a", "curp": "PEMG950101MDFLCR04", "rfc": "PEMG950101ABC", "genero": "F", "fecha_nacimiento": "1995-01-01", "correo": "maria.perez@example.com", "telefono": "555566667777", "lugar_nacimiento": "Ciudad de M xico", "domicilio_calle": "Avenida Principal", "domicilio_num_ext": "456", "domicilio_num_int": "B", "domicilio_colonia": "Colonia Ju rez", "domicilio_municipio": "Cuauht moc", "domicilio_estado": "Ciudad de M xico", "domicilio_pais": "M xico", "domicilio_codigo_postal": "05000", "cedula_profesional": "", "usuario": 4}}, {"model": "personas.licenciado", "pk": 3, "fields": {"nombres": "Luis", "apellido_paterno": "Gonz lez", "apellido_materno": "Mart nez", "curp": "GOML920202HDFNZN08", "rfc": "GOML920202ABC", "genero": "M", "fecha_nacimiento": "1992-02-02", "correo": "luis.gonzalez@example.com", "telefono": "5544332211", "lugar_nacimiento": "Guadalajara", "domicilio_calle": "Calle Independencia", "domicilio_num_ext": "789", "domicilio_num_int": "C", "domicilio_colonia": "Colonia Revoluci n", "domicilio_municipio": "Guadalajara", "domicilio_estado": "Jalisco", "domicilio_pais": "M xico", "domicilio_codigo_postal": "44100", "cedula_profesional": "", "usuario": 5}}, {"model": "personas.licenciado", "pk": 4, "fields": {"nombres": "Ana", "apellido_paterno": "L pez", "apellido_materno": "Hern ndez", "curp": "LOHA950303HDFNNS03", "rfc": "LOHA950303ABC", "genero": "F", "fecha_nacimiento": "1995-03-03", "correo": "ana.lopez@example.com", "telefono": "5566778899", "lugar_nacimiento": "Monterrey", "domicilio_calle": "Calle Reforma", "domicilio_num_ext": "321", "domicilio_num_int": "D", "domicilio_colonia": "Colonia Centro", "domicilio_municipio": "Monterrey", "domicilio_estado": "Nuevo Le n", "domicilio_pais": "M xico", "domicilio_codigo_postal": "64000", "cedula_profesional": "", "usuario": 6}}, {"model": "personas.licenciado", "pk": 5, "fields": {"nombres": "Carlos", "apellido_paterno": "S nchez", "apellido_materno": "Guti rrez", "curp": "SAGC960404HDFGTR02", "rfc": "SAGC960404ABC", "genero": "M", "fecha_nacimiento": "1996-04-04", "correo": "carlos.sanchez@example.com", "telefono": "5588996677", "lugar_nacimiento": "Puebla", "domicilio_calle": "Calle Ju rez", "domicilio_num_ext": "987", "domicilio_num_int": "E", "domicilio_colonia": "Colonia Reforma", "domicilio_municipio": "Puebla", "domicilio_estado": "Puebla", "domicilio_pais": "M xico", "domicilio_codigo_postal": "72000", "cedula_profesional": "", "usuario": 7}}, {"model": "personas.licenciado", "pk": 6, "fields": {"nombres": "Laura", "apellido_paterno": "Mart nez", "apellido_materno": "Fern ndez", "curp": "MAFL940505HDFNDR07", "rfc": "MAFL940505ABC", "genero": "F", "fecha_nacimiento": "1994-05-05", "correo": "laura.martinez@example.com", "telefono": "5599887766", "lugar_nacimiento": "M rida", "domicilio_calle": "Avenida Hidalgo", "domicilio_num_ext": "654", "domicilio_num_int": "F", "domicilio_colonia": "Colonia M rida Centro", "domicilio_municipio": "M rida", "domicilio_estado": "Yucat n", "domicilio_pais": "M xico", "domicilio_codigo_postal": "97000", "cedula_profesional": "", "usuario": 8}}, {"model": "personas.licenciado", "pk": 7, "fields": {"nombres": "Pedro", "apellido_paterno": "Ram rez", "apellido_materno": "L pez", "curp": "RALP930606HDFRPR02", "rfc": "RALP930606ABC", "genero": "M", "fecha_nacimiento": "1993-06-06", "correo": "pedro.ramirez@example.com", "telefono": "5588779966", "lugar_nacimiento": "Tijuana", "domicilio_calle": "Calle M xico", "domicilio_num_ext": "456", "domicilio_num_int": "G", "domicilio_colonia": "Colonia Tijuana Centro", "domicilio_municipio": "Tijuana", "domicilio_estado": "Baja California", "domicilio_pais": "M xico", "domicilio_codigo_postal": "22000", "cedula_profesional": "", "usuario": 9}}, {"model": "personas.licenciado", "pk": 8, "fields": {"nombres": "Silvia", "apellido_paterno": "Hern ndez", "apellido_materno": "Rodr guez", "curp": "HERS920707HDFDRG03", "rfc": "HERS920707ABC", "genero": "F", "fecha_nacimiento": "1992-07-07", "correo": "silvia.hernandez@example.com", "telefono": "5577889900", "lugar_nacimiento": "Quer taro", "domicilio_calle": "Calle Revoluci n", "domicilio_num_ext": "987", "domicilio_num_int": "H", "domicilio_colonia": "Colonia Reforma", "domicilio_municipio": "Quer taro", "domicilio_estado": "Quer taro", "domicilio_pais": "M xico", "domicilio_codigo_postal": "76000", "cedula_profesional": "", "usuario": 10}}, {"model": "personas.licenciado", "pk": 9, "fields": {"nombres": "Javier", "apellido_paterno": "D az", "apellido_materno": "Gonz lez", "curp": "DIGJ910808HDFNNZ06", "rfc": "DIGJ910808ABC", "genero": "M", "fecha_nacimiento": "1991-08-08", "correo": "javier.diaz@example.com", "telefono": "5544668899", "lugar_nacimiento": "Ciudad Ju rez", "domicilio_calle": "Avenida Reforma", "domicilio_num_ext": "654", "domicilio_num_int": "I", "domicilio_colonia": "Colonia Ju rez Centro", "domicilio_municipio": "Ciudad Ju rez", "domicilio_estado": "Chihuahua", "domicilio_pais": "M xico", "domicilio_codigo_postal": "32000", "cedula_profesional": "", "usuario": 11}}, {"model": "personas.licenciado", "pk": 10, "fields": {"nombres": "Elena", "apellido_paterno": "G mez", "apellido_materno": "P rez", "curp": "GOPE910101HDFRZL03", "rfc": "GOPE910101ABC", "genero": "F", "fecha_nacimiento": "1991-01-01", "correo": "elena.gomez@example.com", "telefono": "5566778899", "lugar_nacimiento": "Veracruz", "domicilio_calle": "Calle Morelos", "domicilio_num_ext": "321", "domicilio_num_int": "J", "domicilio_colonia": "Colonia Centro", "domicilio_municipio": "Veracruz", "domicilio_estado": "Veracruz", "domicilio_pais": "M xico", "domicilio_codigo_postal": "91700", "cedula_profesional": "", "usuario": 12}}, {"model": "personas.licenciado", "pk": 11, "fields": {"nombres": "Pedro", "apellido_paterno": "Gomez", "apellido_materno": "Lara", "curp": "PALC000924HNERZRA2", "rfc": "ABCD", "genero": "M", "fecha_nacimiento": "2001-09-24", "correo": "pg@g.com", "telefono": "4432345678", "lugar_nacimiento": "La Piedad, Michoacan", "domicilio_calle": "Nardo 345", "domicilio_num_ext": "234", "domicilio_num_int": "", "domicilio_colonia": "Las Flores", "domicilio_municipio": "", "domicilio_estado": "Jalisco", "domicilio_pais": "Mexico", "domicilio_codigo_postal": "50524", "cedula_profesional": "", "usuario": 19}}]